{
  "default": [
    0.3399755358695984,
    0.14589449763298035,
    0.057378169149160385,
    0.03308069333434105,
    0.026535263285040855,
    0.023944098502397537,
    0.022905122488737106,
    0.022560222074389458,
    0.023955846205353737,
    0.02318265102803707,
    0.02380559965968132,
    0.02270723320543766,
    0.022328147664666176,
    0.022178281098604202,
    0.022184474393725395,
    0.021746614947915077,
    0.02151438221335411,
    0.023732773959636688,
    0.022009404376149178,
    0.02221306599676609
  ],
  "xavier_uniform": [
    0.753587543964386,
    0.5374966263771057,
    0.34832078218460083,
    0.2574692666530609,
    0.18905983865261078,
    0.1410505622625351,
    0.09084057807922363,
    0.059892673045396805,
    0.04127546027302742,
    0.02948889695107937,
    0.02138042449951172,
    0.013889851979911327,
    0.009017172269523144,
    0.0060672396793961525,
    0.004573379177600145,
    0.0032194850500673056,
    0.0022952412255108356,
    0.001406845054589212,
    0.0009958032751455903,
    0.0006649861461482942
  ],
  "xavier_normal": [
    0.7150769233703613,
    0.5017109513282776,
    0.3604719638824463,
    0.2226112186908722,
    0.1593664288520813,
    0.11048843711614609,
    0.08717504888772964,
    0.0625305324792862,
    0.03949388861656189,
    0.026184000074863434,
    0.01792267896234989,
    0.012089511379599571,
    0.008628353476524353,
    0.006064858287572861,
    0.004274794831871986,
    0.0031683254055678844,
    0.002190489089116454,
    0.0015535862185060978,
    0.0009236144833266735,
    0.0007032004068605602
  ],
  "kaiming_uniform": [
    0.7843586802482605,
    0.7911736965179443,
    0.7250876426696777,
    0.7579692006111145,
    0.7871190905570984,
    0.8304834961891174,
    0.7563992142677307,
    0.7052773237228394,
    0.6873741745948792,
    0.6945042014122009,
    0.7121109962463379,
    0.65425044298172,
    0.6006641983985901,
    0.5715675950050354,
    0.6092963814735413,
    0.6065866351127625,
    0.6115750074386597,
    0.5301303267478943,
    0.5306704640388489,
    0.5011630058288574
  ],
  "kaiming_normal": [
    0.744275689125061,
    0.7384985089302063,
    0.7503822445869446,
    0.6553497314453125,
    0.6634953618049622,
    0.6505383849143982,
    0.7258774638175964,
    0.736339807510376,
    0.657704770565033,
    0.6166689991950989,
    0.5969446301460266,
    0.5694490075111389,
    0.5747633576393127,
    0.5713428854942322,
    0.569516658782959,
    0.5969472527503967,
    0.5836632251739502,
    0.5854254364967346,
    0.4922003746032715,
    0.5299627184867859
  ]
}