{
  "best_value": 0.5643,
  "lr": 0.001013601266456614,
  "weight_decay": 0.000248045162060495,
  "dropout": 0.30339097494238687,
  "batch_size": 32
}